{
  "xgb_weight": 0.23987336600413883,
  "rf_weight": 0.5319459302247981,
  "mlp_weight": 0.22818070377106303,
  "accuracy": 0.9645255615179461,
  "f1_score": 0.9640479053779005,
  "inference_time_ms": 76.70585894584656,
  "throughput_txs": 13.036813794184722
}