Feature,VIF
value,2.2754119596381255
nonce_conflict,2.113085955990976
gas_differential,1.324000969448473
data_size,1.2378676560955435
submission_frequency,1.1453729068947032
nonce_gap,1.1022435503832595
recipient_similarity,1.1005408599669
gas_price,0.6876780389615523
gas_limit,0.6644642113055599
arrival_interval,0.46962982392030983
gas_volatility,0.1125073595507576
balance_adequacy,0.0
