Model,Random_Split_Acc,Temporal_Split_Acc,Degradation,Degradation_%
XGBoost (Proposed),0.964814190003374,0.9642874355390622,0.0005267544643118294,0.05459646735813321
Random Forest,0.964814190003374,0.9658778736324642,-0.0010636836290902618,-0.11024751087943079
SVM (Linear),0.616667469995662,0.5989204299002362,0.017747040095425826,2.877894644831949
SVM (RBF),0.8228177567841134,0.816521278133886,0.006296478650227422,0.7652336861125202
