Model,Chi-square,p-value,Significant
Random Forest,0.125,0.7236736098317629,No
SVM (Linear),6023.476613927705,0.0,Yes
SVM (RBF),1992.8825827205883,0.0,Yes
Deep MLP,0.0,1.0,No
1D-CNN,0.5,0.47950012218695337,No
BiLSTM,0.125,0.7236736098317629,No
Transformer,0.5625,0.4532547047537363,No
